word,definition,example
indulge_7130,to allow oneself to enjoy,He indulged in a piece of cake.
abandon_5888,to leave someone or something,He had to abandon the car.
foster_6847,to encourage or promote,They foster creativity in the classroom.
foster_1799,to encourage or promote,They foster creativity in the classroom.
candid_9902,truthful and straightforward,He was candid about his mistakes.
candid_1965,truthful and straightforward,He was candid about his mistakes.
jubilant_5416,feeling or expressing great happiness,They were jubilant after the win.
foster_3230,to encourage or promote,They foster creativity in the classroom.
benevolent_4729,well-meaning and kindly,She had a benevolent smile.
elaborate_4910,involving many details,He gave an elaborate explanation.
benevolent_5202,well-meaning and kindly,She had a benevolent smile.
abandon_2428,to leave someone or something,He had to abandon the car.
indulge_8819,to allow oneself to enjoy,He indulged in a piece of cake.
benevolent_3177,well-meaning and kindly,She had a benevolent smile.
diligent_7851,showing care in one's duties,She is a diligent student.
elaborate_4407,involving many details,He gave an elaborate explanation.
indulge_6429,to allow oneself to enjoy,He indulged in a piece of cake.
hostile_6992,unfriendly or antagonistic,The crowd was openly hostile.
diligent_2590,showing care in one's duties,She is a diligent student.
indulge_3358,to allow oneself to enjoy,He indulged in a piece of cake.
candid_3727,truthful and straightforward,He was candid about his mistakes.
diligent_8815,showing care in one's duties,She is a diligent student.
jubilant_3439,feeling or expressing great happiness,They were jubilant after the win.
hostile_4771,unfriendly or antagonistic,The crowd was openly hostile.
benevolent_2788,well-meaning and kindly,She had a benevolent smile.
diligent_4133,showing care in one's duties,She is a diligent student.
hostile_2094,unfriendly or antagonistic,The crowd was openly hostile.
diligent_6723,showing care in one's duties,She is a diligent student.
abandon_9098,to leave someone or something,He had to abandon the car.
gratify_6325,to give pleasure or satisfaction,He was gratified by the praise.
indulge_7882,to allow oneself to enjoy,He indulged in a piece of cake.
jubilant_2793,feeling or expressing great happiness,They were jubilant after the win.
hostile_7739,unfriendly or antagonistic,The crowd was openly hostile.
indulge_2087,to allow oneself to enjoy,He indulged in a piece of cake.
elaborate_1355,involving many details,He gave an elaborate explanation.
gratify_7782,to give pleasure or satisfaction,He was gratified by the praise.
gratify_3250,to give pleasure or satisfaction,He was gratified by the praise.
foster_6896,to encourage or promote,They foster creativity in the classroom.
diligent_1201,showing care in one's duties,She is a diligent student.
jubilant_8768,feeling or expressing great happiness,They were jubilant after the win.
diligent_5706,showing care in one's duties,She is a diligent student.
candid_1707,truthful and straightforward,He was candid about his mistakes.
gratify_3075,to give pleasure or satisfaction,He was gratified by the praise.
benevolent_9736,well-meaning and kindly,She had a benevolent smile.
abandon_3448,to leave someone or something,He had to abandon the car.
candid_9054,truthful and straightforward,He was candid about his mistakes.
diligent_1315,showing care in one's duties,She is a diligent student.
diligent_3696,showing care in one's duties,She is a diligent student.
diligent_6994,showing care in one's duties,She is a diligent student.
benevolent_7194,well-meaning and kindly,She had a benevolent smile.
indulge_5563,to allow oneself to enjoy,He indulged in a piece of cake.
abandon_8531,to leave someone or something,He had to abandon the car.
benevolent_9075,well-meaning and kindly,She had a benevolent smile.
hostile_6722,unfriendly or antagonistic,The crowd was openly hostile.
jubilant_4966,feeling or expressing great happiness,They were jubilant after the win.
abandon_7206,to leave someone or something,He had to abandon the car.
diligent_3001,showing care in one's duties,She is a diligent student.
diligent_1901,showing care in one's duties,She is a diligent student.
gratify_3894,to give pleasure or satisfaction,He was gratified by the praise.
elaborate_4889,involving many details,He gave an elaborate explanation.
foster_8575,to encourage or promote,They foster creativity in the classroom.
candid_9303,truthful and straightforward,He was candid about his mistakes.
indulge_6517,to allow oneself to enjoy,He indulged in a piece of cake.
elaborate_4306,involving many details,He gave an elaborate explanation.
hostile_1485,unfriendly or antagonistic,The crowd was openly hostile.
jubilant_1028,feeling or expressing great happiness,They were jubilant after the win.
elaborate_5955,involving many details,He gave an elaborate explanation.
foster_7676,to encourage or promote,They foster creativity in the classroom.
foster_1375,to encourage or promote,They foster creativity in the classroom.
hostile_8576,unfriendly or antagonistic,The crowd was openly hostile.
benevolent_3255,well-meaning and kindly,She had a benevolent smile.
diligent_9713,showing care in one's duties,She is a diligent student.
jubilant_6437,feeling or expressing great happiness,They were jubilant after the win.
foster_8140,to encourage or promote,They foster creativity in the classroom.
benevolent_9957,well-meaning and kindly,She had a benevolent smile.
abandon_9924,to leave someone or something,He had to abandon the car.
diligent_3090,showing care in one's duties,She is a diligent student.
benevolent_4683,well-meaning and kindly,She had a benevolent smile.
candid_7403,truthful and straightforward,He was candid about his mistakes.
diligent_3640,showing care in one's duties,She is a diligent student.
gratify_5407,to give pleasure or satisfaction,He was gratified by the praise.
elaborate_1460,involving many details,He gave an elaborate explanation.
indulge_8364,to allow oneself to enjoy,He indulged in a piece of cake.
abandon_3193,to leave someone or something,He had to abandon the car.
jubilant_2652,feeling or expressing great happiness,They were jubilant after the win.
hostile_7863,unfriendly or antagonistic,The crowd was openly hostile.
foster_1200,to encourage or promote,They foster creativity in the classroom.
jubilant_4419,feeling or expressing great happiness,They were jubilant after the win.
elaborate_1665,involving many details,He gave an elaborate explanation.
indulge_3764,to allow oneself to enjoy,He indulged in a piece of cake.
gratify_7380,to give pleasure or satisfaction,He was gratified by the praise.
hostile_9578,unfriendly or antagonistic,The crowd was openly hostile.
hostile_3089,unfriendly or antagonistic,The crowd was openly hostile.
jubilant_3108,feeling or expressing great happiness,They were jubilant after the win.
jubilant_4036,feeling or expressing great happiness,They were jubilant after the win.
indulge_1327,to allow oneself to enjoy,He indulged in a piece of cake.
foster_8804,to encourage or promote,They foster creativity in the classroom.
foster_2137,to encourage or promote,They foster creativity in the classroom.
indulge_2660,to allow oneself to enjoy,He indulged in a piece of cake.
foster_6755,to encourage or promote,They foster creativity in the classroom.
indulge_4265,to allow oneself to enjoy,He indulged in a piece of cake.
candid_4454,truthful and straightforward,He was candid about his mistakes.
gratify_5495,to give pleasure or satisfaction,He was gratified by the praise.
candid_9168,truthful and straightforward,He was candid about his mistakes.
gratify_7355,to give pleasure or satisfaction,He was gratified by the praise.
gratify_3978,to give pleasure or satisfaction,He was gratified by the praise.
benevolent_3251,well-meaning and kindly,She had a benevolent smile.
abandon_3639,to leave someone or something,He had to abandon the car.
elaborate_6332,involving many details,He gave an elaborate explanation.
jubilant_7097,feeling or expressing great happiness,They were jubilant after the win.
diligent_9238,showing care in one's duties,She is a diligent student.
indulge_4631,to allow oneself to enjoy,He indulged in a piece of cake.
hostile_4894,unfriendly or antagonistic,The crowd was openly hostile.
diligent_2506,showing care in one's duties,She is a diligent student.
jubilant_4309,feeling or expressing great happiness,They were jubilant after the win.
benevolent_9581,well-meaning and kindly,She had a benevolent smile.
candid_4356,truthful and straightforward,He was candid about his mistakes.
jubilant_9772,feeling or expressing great happiness,They were jubilant after the win.
indulge_1304,to allow oneself to enjoy,He indulged in a piece of cake.
elaborate_8773,involving many details,He gave an elaborate explanation.
hostile_6199,unfriendly or antagonistic,The crowd was openly hostile.
elaborate_5413,involving many details,He gave an elaborate explanation.
benevolent_7958,well-meaning and kindly,She had a benevolent smile.
foster_1197,to encourage or promote,They foster creativity in the classroom.
foster_9429,to encourage or promote,They foster creativity in the classroom.
hostile_7166,unfriendly or antagonistic,The crowd was openly hostile.
gratify_2670,to give pleasure or satisfaction,He was gratified by the praise.
candid_4162,truthful and straightforward,He was candid about his mistakes.
benevolent_3394,well-meaning and kindly,She had a benevolent smile.
candid_3297,truthful and straightforward,He was candid about his mistakes.
indulge_6991,to allow oneself to enjoy,He indulged in a piece of cake.
jubilant_4966,feeling or expressing great happiness,They were jubilant after the win.
jubilant_7545,feeling or expressing great happiness,They were jubilant after the win.
gratify_7834,to give pleasure or satisfaction,He was gratified by the praise.
hostile_9963,unfriendly or antagonistic,The crowd was openly hostile.
diligent_5405,showing care in one's duties,She is a diligent student.
foster_9980,to encourage or promote,They foster creativity in the classroom.
candid_4296,truthful and straightforward,He was candid about his mistakes.
candid_2568,truthful and straightforward,He was candid about his mistakes.
hostile_8736,unfriendly or antagonistic,The crowd was openly hostile.
abandon_5461,to leave someone or something,He had to abandon the car.
diligent_1912,showing care in one's duties,She is a diligent student.
foster_3399,to encourage or promote,They foster creativity in the classroom.
jubilant_2098,feeling or expressing great happiness,They were jubilant after the win.
indulge_2180,to allow oneself to enjoy,He indulged in a piece of cake.
foster_6065,to encourage or promote,They foster creativity in the classroom.
gratify_1320,to give pleasure or satisfaction,He was gratified by the praise.
foster_5878,to encourage or promote,They foster creativity in the classroom.
diligent_4359,showing care in one's duties,She is a diligent student.
foster_4227,to encourage or promote,They foster creativity in the classroom.
diligent_9692,showing care in one's duties,She is a diligent student.
gratify_1163,to give pleasure or satisfaction,He was gratified by the praise.
jubilant_8984,feeling or expressing great happiness,They were jubilant after the win.
elaborate_3395,involving many details,He gave an elaborate explanation.
abandon_8949,to leave someone or something,He had to abandon the car.
diligent_6073,showing care in one's duties,She is a diligent student.
abandon_1823,to leave someone or something,He had to abandon the car.
indulge_1510,to allow oneself to enjoy,He indulged in a piece of cake.
jubilant_9223,feeling or expressing great happiness,They were jubilant after the win.
gratify_2289,to give pleasure or satisfaction,He was gratified by the praise.
benevolent_4596,well-meaning and kindly,She had a benevolent smile.
diligent_5151,showing care in one's duties,She is a diligent student.
benevolent_7019,well-meaning and kindly,She had a benevolent smile.
elaborate_2907,involving many details,He gave an elaborate explanation.
indulge_2014,to allow oneself to enjoy,He indulged in a piece of cake.
hostile_3558,unfriendly or antagonistic,The crowd was openly hostile.
candid_4811,truthful and straightforward,He was candid about his mistakes.
foster_5711,to encourage or promote,They foster creativity in the classroom.
foster_4367,to encourage or promote,They foster creativity in the classroom.
candid_5050,truthful and straightforward,He was candid about his mistakes.
foster_6059,to encourage or promote,They foster creativity in the classroom.
jubilant_8691,feeling or expressing great happiness,They were jubilant after the win.
candid_9732,truthful and straightforward,He was candid about his mistakes.
diligent_8053,showing care in one's duties,She is a diligent student.
jubilant_5359,feeling or expressing great happiness,They were jubilant after the win.
abandon_3228,to leave someone or something,He had to abandon the car.
hostile_5565,unfriendly or antagonistic,The crowd was openly hostile.
hostile_7632,unfriendly or antagonistic,The crowd was openly hostile.
jubilant_6347,feeling or expressing great happiness,They were jubilant after the win.
diligent_6348,showing care in one's duties,She is a diligent student.
hostile_2181,unfriendly or antagonistic,The crowd was openly hostile.
jubilant_3615,feeling or expressing great happiness,They were jubilant after the win.
elaborate_2010,involving many details,He gave an elaborate explanation.
elaborate_2304,involving many details,He gave an elaborate explanation.
indulge_2325,to allow oneself to enjoy,He indulged in a piece of cake.
diligent_8440,showing care in one's duties,She is a diligent student.
diligent_3920,showing care in one's duties,She is a diligent student.
candid_9547,truthful and straightforward,He was candid about his mistakes.
candid_4105,truthful and straightforward,He was candid about his mistakes.
diligent_4698,showing care in one's duties,She is a diligent student.
hostile_1913,unfriendly or antagonistic,The crowd was openly hostile.
jubilant_8478,feeling or expressing great happiness,They were jubilant after the win.
hostile_3476,unfriendly or antagonistic,The crowd was openly hostile.
jubilant_3147,feeling or expressing great happiness,They were jubilant after the win.
elaborate_6114,involving many details,He gave an elaborate explanation.
candid_1639,truthful and straightforward,He was candid about his mistakes.
indulge_5955,to allow oneself to enjoy,He indulged in a piece of cake.
diligent_3145,showing care in one's duties,She is a diligent student.
gratify_9664,to give pleasure or satisfaction,He was gratified by the praise.
elaborate_5971,involving many details,He gave an elaborate explanation.
hostile_6243,unfriendly or antagonistic,The crowd was openly hostile.
hostile_8649,unfriendly or antagonistic,The crowd was openly hostile.
jubilant_8244,feeling or expressing great happiness,They were jubilant after the win.
gratify_4410,to give pleasure or satisfaction,He was gratified by the praise.
indulge_2285,to allow oneself to enjoy,He indulged in a piece of cake.
benevolent_3623,well-meaning and kindly,She had a benevolent smile.
elaborate_9823,involving many details,He gave an elaborate explanation.
candid_9998,truthful and straightforward,He was candid about his mistakes.
candid_7186,truthful and straightforward,He was candid about his mistakes.
gratify_7840,to give pleasure or satisfaction,He was gratified by the praise.
diligent_1712,showing care in one's duties,She is a diligent student.
abandon_7194,to leave someone or something,He had to abandon the car.
diligent_9436,showing care in one's duties,She is a diligent student.
abandon_2695,to leave someone or something,He had to abandon the car.
diligent_5579,showing care in one's duties,She is a diligent student.
foster_6160,to encourage or promote,They foster creativity in the classroom.
gratify_4299,to give pleasure or satisfaction,He was gratified by the praise.
diligent_2129,showing care in one's duties,She is a diligent student.
candid_3916,truthful and straightforward,He was candid about his mistakes.
abandon_4182,to leave someone or something,He had to abandon the car.
indulge_3490,to allow oneself to enjoy,He indulged in a piece of cake.
elaborate_7454,involving many details,He gave an elaborate explanation.
foster_4666,to encourage or promote,They foster creativity in the classroom.
indulge_8601,to allow oneself to enjoy,He indulged in a piece of cake.
candid_2006,truthful and straightforward,He was candid about his mistakes.
foster_3016,to encourage or promote,They foster creativity in the classroom.
abandon_6350,to leave someone or something,He had to abandon the car.
gratify_8440,to give pleasure or satisfaction,He was gratified by the praise.
indulge_9771,to allow oneself to enjoy,He indulged in a piece of cake.
gratify_9773,to give pleasure or satisfaction,He was gratified by the praise.
jubilant_1255,feeling or expressing great happiness,They were jubilant after the win.
elaborate_5501,involving many details,He gave an elaborate explanation.
elaborate_2432,involving many details,He gave an elaborate explanation.
candid_9437,truthful and straightforward,He was candid about his mistakes.
candid_2120,truthful and straightforward,He was candid about his mistakes.
elaborate_4426,involving many details,He gave an elaborate explanation.
gratify_1117,to give pleasure or satisfaction,He was gratified by the praise.
hostile_7605,unfriendly or antagonistic,The crowd was openly hostile.
foster_8825,to encourage or promote,They foster creativity in the classroom.
elaborate_9108,involving many details,He gave an elaborate explanation.
gratify_7766,to give pleasure or satisfaction,He was gratified by the praise.
foster_6716,to encourage or promote,They foster creativity in the classroom.
indulge_8382,to allow oneself to enjoy,He indulged in a piece of cake.
abandon_9887,to leave someone or something,He had to abandon the car.
abandon_9477,to leave someone or something,He had to abandon the car.
abandon_5346,to leave someone or something,He had to abandon the car.
indulge_8687,to allow oneself to enjoy,He indulged in a piece of cake.
candid_8569,truthful and straightforward,He was candid about his mistakes.
diligent_5192,showing care in one's duties,She is a diligent student.
candid_1976,truthful and straightforward,He was candid about his mistakes.
candid_2271,truthful and straightforward,He was candid about his mistakes.
candid_7504,truthful and straightforward,He was candid about his mistakes.
indulge_8785,to allow oneself to enjoy,He indulged in a piece of cake.
gratify_2071,to give pleasure or satisfaction,He was gratified by the praise.
gratify_7726,to give pleasure or satisfaction,He was gratified by the praise.
foster_3526,to encourage or promote,They foster creativity in the classroom.
jubilant_3321,feeling or expressing great happiness,They were jubilant after the win.
elaborate_8630,involving many details,He gave an elaborate explanation.
gratify_5318,to give pleasure or satisfaction,He was gratified by the praise.
abandon_5600,to leave someone or something,He had to abandon the car.
jubilant_7735,feeling or expressing great happiness,They were jubilant after the win.
abandon_5394,to leave someone or something,He had to abandon the car.
foster_2649,to encourage or promote,They foster creativity in the classroom.
candid_1480,truthful and straightforward,He was candid about his mistakes.
foster_6963,to encourage or promote,They foster creativity in the classroom.
foster_3585,to encourage or promote,They foster creativity in the classroom.
abandon_7530,to leave someone or something,He had to abandon the car.
elaborate_9032,involving many details,He gave an elaborate explanation.
candid_3395,truthful and straightforward,He was candid about his mistakes.
foster_9757,to encourage or promote,They foster creativity in the classroom.
indulge_2628,to allow oneself to enjoy,He indulged in a piece of cake.
jubilant_4076,feeling or expressing great happiness,They were jubilant after the win.
candid_8073,truthful and straightforward,He was candid about his mistakes.
diligent_5271,showing care in one's duties,She is a diligent student.
candid_4908,truthful and straightforward,He was candid about his mistakes.
candid_4032,truthful and straightforward,He was candid about his mistakes.
hostile_2439,unfriendly or antagonistic,The crowd was openly hostile.
gratify_7432,to give pleasure or satisfaction,He was gratified by the praise.
candid_7881,truthful and straightforward,He was candid about his mistakes.
indulge_1398,to allow oneself to enjoy,He indulged in a piece of cake.
benevolent_4519,well-meaning and kindly,She had a benevolent smile.
candid_7602,truthful and straightforward,He was candid about his mistakes.
elaborate_7742,involving many details,He gave an elaborate explanation.
candid_3796,truthful and straightforward,He was candid about his mistakes.
indulge_5118,to allow oneself to enjoy,He indulged in a piece of cake.
hostile_6178,unfriendly or antagonistic,The crowd was openly hostile.
abandon_5770,to leave someone or something,He had to abandon the car.
benevolent_8833,well-meaning and kindly,She had a benevolent smile.
jubilant_6391,feeling or expressing great happiness,They were jubilant after the win.
benevolent_6689,well-meaning and kindly,She had a benevolent smile.
diligent_5823,showing care in one's duties,She is a diligent student.
indulge_6461,to allow oneself to enjoy,He indulged in a piece of cake.
foster_4874,to encourage or promote,They foster creativity in the classroom.
diligent_6011,showing care in one's duties,She is a diligent student.
indulge_4241,to allow oneself to enjoy,He indulged in a piece of cake.
hostile_3117,unfriendly or antagonistic,The crowd was openly hostile.
gratify_6260,to give pleasure or satisfaction,He was gratified by the praise.
elaborate_9881,involving many details,He gave an elaborate explanation.
diligent_7789,showing care in one's duties,She is a diligent student.
elaborate_5498,involving many details,He gave an elaborate explanation.
jubilant_3367,feeling or expressing great happiness,They were jubilant after the win.
hostile_9757,unfriendly or antagonistic,The crowd was openly hostile.
jubilant_5697,feeling or expressing great happiness,They were jubilant after the win.
candid_1600,truthful and straightforward,He was candid about his mistakes.
jubilant_1485,feeling or expressing great happiness,They were jubilant after the win.
abandon_5132,to leave someone or something,He had to abandon the car.
abandon_2439,to leave someone or something,He had to abandon the car.
jubilant_8780,feeling or expressing great happiness,They were jubilant after the win.
hostile_1319,unfriendly or antagonistic,The crowd was openly hostile.
elaborate_1577,involving many details,He gave an elaborate explanation.
candid_6637,truthful and straightforward,He was candid about his mistakes.
indulge_6614,to allow oneself to enjoy,He indulged in a piece of cake.
candid_5222,truthful and straightforward,He was candid about his mistakes.
foster_7634,to encourage or promote,They foster creativity in the classroom.
candid_4308,truthful and straightforward,He was candid about his mistakes.
indulge_6743,to allow oneself to enjoy,He indulged in a piece of cake.
indulge_5131,to allow oneself to enjoy,He indulged in a piece of cake.
hostile_4036,unfriendly or antagonistic,The crowd was openly hostile.
elaborate_7338,involving many details,He gave an elaborate explanation.
foster_8644,to encourage or promote,They foster creativity in the classroom.
foster_1814,to encourage or promote,They foster creativity in the classroom.
benevolent_7924,well-meaning and kindly,She had a benevolent smile.
hostile_2918,unfriendly or antagonistic,The crowd was openly hostile.
benevolent_8296,well-meaning and kindly,She had a benevolent smile.
gratify_3168,to give pleasure or satisfaction,He was gratified by the praise.
gratify_2809,to give pleasure or satisfaction,He was gratified by the praise.
foster_7201,to encourage or promote,They foster creativity in the classroom.
foster_4121,to encourage or promote,They foster creativity in the classroom.
gratify_1716,to give pleasure or satisfaction,He was gratified by the praise.
diligent_1670,showing care in one's duties,She is a diligent student.
elaborate_3444,involving many details,He gave an elaborate explanation.
foster_7731,to encourage or promote,They foster creativity in the classroom.
jubilant_4314,feeling or expressing great happiness,They were jubilant after the win.
elaborate_8055,involving many details,He gave an elaborate explanation.
elaborate_2119,involving many details,He gave an elaborate explanation.
diligent_4501,showing care in one's duties,She is a diligent student.
indulge_6914,to allow oneself to enjoy,He indulged in a piece of cake.
gratify_4861,to give pleasure or satisfaction,He was gratified by the praise.
candid_7381,truthful and straightforward,He was candid about his mistakes.
benevolent_1418,well-meaning and kindly,She had a benevolent smile.
diligent_1679,showing care in one's duties,She is a diligent student.
hostile_6848,unfriendly or antagonistic,The crowd was openly hostile.
hostile_6028,unfriendly or antagonistic,The crowd was openly hostile.
gratify_8314,to give pleasure or satisfaction,He was gratified by the praise.
diligent_5466,showing care in one's duties,She is a diligent student.
elaborate_1956,involving many details,He gave an elaborate explanation.
abandon_7007,to leave someone or something,He had to abandon the car.
foster_8512,to encourage or promote,They foster creativity in the classroom.
indulge_7057,to allow oneself to enjoy,He indulged in a piece of cake.
diligent_7170,showing care in one's duties,She is a diligent student.
jubilant_2546,feeling or expressing great happiness,They were jubilant after the win.
indulge_8728,to allow oneself to enjoy,He indulged in a piece of cake.
indulge_6325,to allow oneself to enjoy,He indulged in a piece of cake.
abandon_3280,to leave someone or something,He had to abandon the car.
abandon_5171,to leave someone or something,He had to abandon the car.
foster_8388,to encourage or promote,They foster creativity in the classroom.
jubilant_5107,feeling or expressing great happiness,They were jubilant after the win.
gratify_5355,to give pleasure or satisfaction,He was gratified by the praise.
hostile_6920,unfriendly or antagonistic,The crowd was openly hostile.
indulge_8699,to allow oneself to enjoy,He indulged in a piece of cake.
diligent_8193,showing care in one's duties,She is a diligent student.
elaborate_4757,involving many details,He gave an elaborate explanation.
gratify_1354,to give pleasure or satisfaction,He was gratified by the praise.
jubilant_9009,feeling or expressing great happiness,They were jubilant after the win.
abandon_6788,to leave someone or something,He had to abandon the car.
candid_2658,truthful and straightforward,He was candid about his mistakes.
abandon_3020,to leave someone or something,He had to abandon the car.
hostile_3361,unfriendly or antagonistic,The crowd was openly hostile.
abandon_4253,to leave someone or something,He had to abandon the car.
indulge_8265,to allow oneself to enjoy,He indulged in a piece of cake.
elaborate_6863,involving many details,He gave an elaborate explanation.
elaborate_1425,involving many details,He gave an elaborate explanation.
candid_5682,truthful and straightforward,He was candid about his mistakes.
elaborate_9832,involving many details,He gave an elaborate explanation.
jubilant_9593,feeling or expressing great happiness,They were jubilant after the win.
benevolent_7539,well-meaning and kindly,She had a benevolent smile.
elaborate_7062,involving many details,He gave an elaborate explanation.
gratify_6120,to give pleasure or satisfaction,He was gratified by the praise.
benevolent_6026,well-meaning and kindly,She had a benevolent smile.
indulge_1060,to allow oneself to enjoy,He indulged in a piece of cake.
indulge_9968,to allow oneself to enjoy,He indulged in a piece of cake.
abandon_4483,to leave someone or something,He had to abandon the car.
candid_3444,truthful and straightforward,He was candid about his mistakes.
candid_6342,truthful and straightforward,He was candid about his mistakes.
gratify_2780,to give pleasure or satisfaction,He was gratified by the praise.
elaborate_5038,involving many details,He gave an elaborate explanation.
foster_9547,to encourage or promote,They foster creativity in the classroom.
elaborate_5837,involving many details,He gave an elaborate explanation.
elaborate_8814,involving many details,He gave an elaborate explanation.
elaborate_7163,involving many details,He gave an elaborate explanation.
foster_5517,to encourage or promote,They foster creativity in the classroom.
jubilant_4943,feeling or expressing great happiness,They were jubilant after the win.
gratify_9745,to give pleasure or satisfaction,He was gratified by the praise.
candid_4608,truthful and straightforward,He was candid about his mistakes.
abandon_7209,to leave someone or something,He had to abandon the car.
elaborate_5761,involving many details,He gave an elaborate explanation.
jubilant_6198,feeling or expressing great happiness,They were jubilant after the win.
indulge_7317,to allow oneself to enjoy,He indulged in a piece of cake.
benevolent_8264,well-meaning and kindly,She had a benevolent smile.
candid_6882,truthful and straightforward,He was candid about his mistakes.
abandon_5221,to leave someone or something,He had to abandon the car.
abandon_1302,to leave someone or something,He had to abandon the car.
jubilant_8929,feeling or expressing great happiness,They were jubilant after the win.
foster_3628,to encourage or promote,They foster creativity in the classroom.
candid_4344,truthful and straightforward,He was candid about his mistakes.
gratify_9092,to give pleasure or satisfaction,He was gratified by the praise.
hostile_5439,unfriendly or antagonistic,The crowd was openly hostile.
hostile_4251,unfriendly or antagonistic,The crowd was openly hostile.
gratify_1453,to give pleasure or satisfaction,He was gratified by the praise.
abandon_2025,to leave someone or something,He had to abandon the car.
hostile_8597,unfriendly or antagonistic,The crowd was openly hostile.
jubilant_7254,feeling or expressing great happiness,They were jubilant after the win.
elaborate_3592,involving many details,He gave an elaborate explanation.
candid_4980,truthful and straightforward,He was candid about his mistakes.
abandon_8692,to leave someone or something,He had to abandon the car.
jubilant_7805,feeling or expressing great happiness,They were jubilant after the win.
hostile_1049,unfriendly or antagonistic,The crowd was openly hostile.
indulge_2476,to allow oneself to enjoy,He indulged in a piece of cake.
jubilant_3505,feeling or expressing great happiness,They were jubilant after the win.
benevolent_7390,well-meaning and kindly,She had a benevolent smile.
candid_8481,truthful and straightforward,He was candid about his mistakes.
hostile_5650,unfriendly or antagonistic,The crowd was openly hostile.
gratify_8962,to give pleasure or satisfaction,He was gratified by the praise.
indulge_2782,to allow oneself to enjoy,He indulged in a piece of cake.
indulge_2253,to allow oneself to enjoy,He indulged in a piece of cake.
elaborate_3200,involving many details,He gave an elaborate explanation.
gratify_4013,to give pleasure or satisfaction,He was gratified by the praise.
abandon_2849,to leave someone or something,He had to abandon the car.
foster_4836,to encourage or promote,They foster creativity in the classroom.
foster_1351,to encourage or promote,They foster creativity in the classroom.
diligent_4957,showing care in one's duties,She is a diligent student.
foster_8236,to encourage or promote,They foster creativity in the classroom.
elaborate_5511,involving many details,He gave an elaborate explanation.
diligent_4794,showing care in one's duties,She is a diligent student.
abandon_1670,to leave someone or something,He had to abandon the car.
diligent_9183,showing care in one's duties,She is a diligent student.
benevolent_3978,well-meaning and kindly,She had a benevolent smile.
foster_6233,to encourage or promote,They foster creativity in the classroom.
jubilant_2783,feeling or expressing great happiness,They were jubilant after the win.
gratify_8395,to give pleasure or satisfaction,He was gratified by the praise.
benevolent_4523,well-meaning and kindly,She had a benevolent smile.
abandon_4041,to leave someone or something,He had to abandon the car.
hostile_1323,unfriendly or antagonistic,The crowd was openly hostile.
foster_9643,to encourage or promote,They foster creativity in the classroom.
elaborate_4696,involving many details,He gave an elaborate explanation.
abandon_4025,to leave someone or something,He had to abandon the car.
hostile_6184,unfriendly or antagonistic,The crowd was openly hostile.
elaborate_1056,involving many details,He gave an elaborate explanation.
candid_9858,truthful and straightforward,He was candid about his mistakes.
elaborate_3568,involving many details,He gave an elaborate explanation.
foster_6148,to encourage or promote,They foster creativity in the classroom.
indulge_8188,to allow oneself to enjoy,He indulged in a piece of cake.
jubilant_7643,feeling or expressing great happiness,They were jubilant after the win.
jubilant_7074,feeling or expressing great happiness,They were jubilant after the win.
benevolent_8106,well-meaning and kindly,She had a benevolent smile.
foster_4621,to encourage or promote,They foster creativity in the classroom.
diligent_3345,showing care in one's duties,She is a diligent student.
candid_9148,truthful and straightforward,He was candid about his mistakes.
diligent_7198,showing care in one's duties,She is a diligent student.
indulge_7976,to allow oneself to enjoy,He indulged in a piece of cake.
diligent_4196,showing care in one's duties,She is a diligent student.
abandon_1870,to leave someone or something,He had to abandon the car.
hostile_7476,unfriendly or antagonistic,The crowd was openly hostile.
diligent_9292,showing care in one's duties,She is a diligent student.
gratify_1265,to give pleasure or satisfaction,He was gratified by the praise.
hostile_1514,unfriendly or antagonistic,The crowd was openly hostile.
jubilant_1586,feeling or expressing great happiness,They were jubilant after the win.
jubilant_2599,feeling or expressing great happiness,They were jubilant after the win.
gratify_7085,to give pleasure or satisfaction,He was gratified by the praise.
indulge_6743,to allow oneself to enjoy,He indulged in a piece of cake.
elaborate_3674,involving many details,He gave an elaborate explanation.
diligent_7092,showing care in one's duties,She is a diligent student.
indulge_8177,to allow oneself to enjoy,He indulged in a piece of cake.
indulge_1597,to allow oneself to enjoy,He indulged in a piece of cake.
elaborate_2239,involving many details,He gave an elaborate explanation.
jubilant_8097,feeling or expressing great happiness,They were jubilant after the win.
gratify_9090,to give pleasure or satisfaction,He was gratified by the praise.
abandon_6361,to leave someone or something,He had to abandon the car.
diligent_2321,showing care in one's duties,She is a diligent student.
gratify_1974,to give pleasure or satisfaction,He was gratified by the praise.
foster_4493,to encourage or promote,They foster creativity in the classroom.
elaborate_3351,involving many details,He gave an elaborate explanation.
diligent_1695,showing care in one's duties,She is a diligent student.
foster_8528,to encourage or promote,They foster creativity in the classroom.
gratify_5398,to give pleasure or satisfaction,He was gratified by the praise.
abandon_9859,to leave someone or something,He had to abandon the car.
abandon_7178,to leave someone or something,He had to abandon the car.
elaborate_8692,involving many details,He gave an elaborate explanation.
benevolent_2040,well-meaning and kindly,She had a benevolent smile.
jubilant_4938,feeling or expressing great happiness,They were jubilant after the win.
abandon_3806,to leave someone or something,He had to abandon the car.
elaborate_2579,involving many details,He gave an elaborate explanation.
candid_1788,truthful and straightforward,He was candid about his mistakes.
abandon_8660,to leave someone or something,He had to abandon the car.
jubilant_2516,feeling or expressing great happiness,They were jubilant after the win.
elaborate_7697,involving many details,He gave an elaborate explanation.
foster_3528,to encourage or promote,They foster creativity in the classroom.
hostile_6351,unfriendly or antagonistic,The crowd was openly hostile.
jubilant_7493,feeling or expressing great happiness,They were jubilant after the win.
elaborate_9517,involving many details,He gave an elaborate explanation.
